-- phpMyAdmin SQL Dump
-- version 5.2.1
-- https://www.phpmyadmin.net/
--
-- ホスト: localhost
-- 生成日時: 2025-07-26 06:22:40
-- サーバのバージョン： 10.4.22-MariaDB
-- PHP のバージョン: 7.4.27

SET SQL_MODE = "NO_AUTO_VALUE_ON_ZERO";
START TRANSACTION;
SET time_zone = "+00:00";


/*!40101 SET @OLD_CHARACTER_SET_CLIENT=@@CHARACTER_SET_CLIENT */;
/*!40101 SET @OLD_CHARACTER_SET_RESULTS=@@CHARACTER_SET_RESULTS */;
/*!40101 SET @OLD_COLLATION_CONNECTION=@@COLLATION_CONNECTION */;
/*!40101 SET NAMES utf8mb4 */;

--
-- データベース: `7-7_exercise`
--
CREATE DATABASE IF NOT EXISTS `7-7_exercise` DEFAULT CHARACTER SET utf8mb4 COLLATE utf8mb4_general_ci;
USE `7-7_exercise`;

-- --------------------------------------------------------

--
-- テーブルの構造 `class`
--

CREATE TABLE `class` (
  `class_id` varchar(5) NOT NULL COMMENT '科目ID',
  `class_name` varchar(20) NOT NULL COMMENT '科目名'
) ENGINE=InnoDB DEFAULT CHARSET=utf8mb4;

--
-- テーブルのデータのダンプ `class`
--

INSERT INTO `class` (`class_id`, `class_name`) VALUES
('00001', '情報倫理'),
('00002', 'ネットワーク'),
('00003', 'データベース'),
('00004', 'ソフトウェア開発'),
('00005', 'セキュリティ');

-- --------------------------------------------------------

--
-- テーブルの構造 `department`
--

CREATE TABLE `department` (
  `dept_id` varchar(1) NOT NULL COMMENT '学科ID',
  `dept_name` varchar(20) NOT NULL COMMENT '学科名'
) ENGINE=InnoDB DEFAULT CHARSET=utf8mb4;

--
-- テーブルのデータのダンプ `department`
--

INSERT INTO `department` (`dept_id`, `dept_name`) VALUES
('1', 'AAA学科'),
('2', 'BBB学科'),
('3', 'CCC学科'),
('4', 'DDD学科');

-- --------------------------------------------------------

--
-- テーブルの構造 `student`
--

CREATE TABLE `student` (
  `std_id` varchar(4) NOT NULL COMMENT '学生ID',
  `std_name` varchar(10) NOT NULL COMMENT '氏名',
  `std_kana` varchar(20) NOT NULL COMMENT 'よみがな',
  `std_dept` varchar(1) NOT NULL COMMENT '学科ID'
) ENGINE=InnoDB DEFAULT CHARSET=utf8mb4;

--
-- テーブルのデータのダンプ `student`
--

INSERT INTO `student` (`std_id`, `std_name`, `std_kana`, `std_dept`) VALUES
('1001', '宇佐美　麻世', 'ウサミ　マヨ', '1'),
('1002', '関谷　沙菜', 'セキヤ　サナ', '1'),
('1003', '河口　奏', 'カワグチ　カナデ', '1'),
('1004', '横井　毅', 'ヨコイ　タケシ', '1'),
('1005', '桑田　帆香', 'クワタ　ホノカ', '1'),
('1006', '杉村　柚衣', 'スギムラ　ユイ', '1'),
('1007', '谷口　美奈子', 'タニグチ　ミナコ', '1'),
('1008', '深井　麻央', 'フカイ　マオ', '1'),
('1009', '新保　麻紀', 'シンポ　マキ', '1'),
('1010', '三上　杏子', 'ミカミ　キョウコ', '1'),
('1011', '小嶋　新一郎', 'オジマ　シンイチロウ', '1'),
('1012', '庄司　英子', 'ショウジ　エイコ', '1'),
('1013', '萩原　七美', 'ハギワラ　ナナミ', '1'),
('1014', '佐野　波瑠', 'サノ　ハル', '1'),
('1015', '青野　高志', 'アオノ　タカシ', '1'),
('1016', '向井　悦哉', 'ムカイ　エツヤ', '1'),
('1017', '深田　行夫', 'フカダ　ユキオ', '1'),
('1018', '永野　康司', 'ナガノ　コウジ', '1'),
('1019', '松下　文隆', 'マツシタ　フミタカ', '1'),
('1020', '倉田　柚希', 'クラタ　ユズキ', '1'),
('1021', '福沢　冬実', 'フクザワ　フユミ', '1'),
('1022', '日比野　利之', 'ヒビノ　トシユキ', '1'),
('1023', '下村　誠治', 'シモムラ　セイジ', '1'),
('1024', '宮島　智', 'ミヤジマ　サトシ', '1'),
('1025', '中根　真奈', 'ナカネ　マナ', '1'),
('2001', '西本　登', 'ニシモト　ノボル', '2'),
('2002', '室井　慶紀', 'ムロイ　ヨシキ', '2'),
('2003', '峰　由佳', 'ミネ　ユカ', '2'),
('2004', '益子　藍那', 'マスコ　アイナ', '2'),
('2005', '高谷　信雄', 'コウヤ　ノブオ', '2'),
('2006', '岡田　吉郎', 'オカダ　キチロウ', '2'),
('2007', '窪田　詩', 'クボタ　ウタ', '2'),
('2008', '坂本　一寿', 'サカモト　カズヒサ', '2'),
('2009', '結城　怜', 'ユウキ　レイ', '2'),
('2010', '林田　陽保', 'ハヤシダ　ハルヤス', '2'),
('2011', '明石　敏伸', 'アカイシ　トシノブ', '2'),
('2012', '小峰　利幸', 'コミネ　トシユキ', '2'),
('2013', '丹羽　三喜', 'タンバ　ミキ', '2'),
('2014', '滝川　美里', 'タキガワ　ミサト', '2'),
('2015', '赤井　怜奈', 'アカイ　レイナ', '2'),
('2016', '土谷　光', 'ツチヤ　ヒカル', '2'),
('2017', '小椋　香澄', 'オグラ　カスミ', '2'),
('2018', '金田　常男', 'カナダ　ツネオ', '2'),
('2019', '菊地　美幸', 'キクチ　ミユキ', '2'),
('2020', '福地　幸', 'フクチ　サチ', '2'),
('2021', '堀川　和歌乃', 'ホリカワ　ワカノ', '2'),
('2022', '片山　阿弦', 'カタヤマ　アヅル', '2'),
('2023', '小俣　璃桜', 'オマタ　リオ', '2'),
('3001', '瀬尾　綾士', 'セオ　リョウジ', '3'),
('3002', '下村　芳郎', 'シモムラ　ヨシロウ', '3'),
('3003', '長瀬　暁子', 'ナガセ　アキコ', '3'),
('3004', '城戸　幸男', 'キド　ユキオ', '3'),
('3005', '中山　晶', 'ナカヤマ　アキラ', '3'),
('3006', '辻本　春美', 'ツジモト　ハルミ', '3'),
('3007', '水上　信明', 'ミズカミ　ノブアキ', '3'),
('3008', '岩田　桜', 'イワタ　サクラ', '3'),
('3009', '高倉　咲菜', 'タカクラ　サナ', '3'),
('3010', '沼田　瑞樹', 'ヌマタ　ミズキ', '3'),
('3011', '曽根　沙良', 'ソネ　サラ', '3'),
('3012', '熊沢　真佳奈', 'クマザワ　マカナ', '3'),
('3013', '会田　昇', 'アイダ　ノボル', '3'),
('3014', '平原　隆三', 'ヒラハラ　リュウゾウ', '3'),
('3015', '奥田　佳音', 'オクダ　カノン', '3'),
('3016', '沢井　乃亜', 'サワイ　ノア', '3'),
('3017', '柳沢　里奈', 'ヤナギサワ　リナ', '3'),
('3018', '福本　清次郎', 'フクモト　セイジロウ', '3'),
('3019', '柿崎　愛美', 'カキザキ　アイミ', '3'),
('3020', '湯浅　亮一', 'ユアサ　リョウイチ', '3'),
('3021', '三田　和月', 'ミタ　カヅキ', '3'),
('3022', '古山　隆雄', 'フルヤマ　タカオ', '3'),
('3023', '川合　杏', 'カワイ　アン', '3'),
('3024', '坪田　銀蔵', 'ツボタ　ギンゾウ', '3'),
('4001', '日下部　照夫', 'クサカベ　テルオ', '4'),
('4002', '佐川　直人', 'サガワ　ナオト', '4'),
('4003', '千葉　桜琴花', 'チバ　オトハ', '4'),
('4004', '大島　実緒', 'オオシマ　ミオ', '4'),
('4005', '石垣　由紀', 'イシガキ　ユキ', '4'),
('4006', '古賀　善次郎', 'コガ　ゼンジロウ', '4'),
('4007', '磯野　勝雄', 'イソノ　カツオ', '4'),
('4008', '森本　篤', 'モリモト　アツシ', '4'),
('4009', '高谷　真帆', 'コウヤ　マホ', '4'),
('4010', '塩谷　妃菜', 'シオタニ　ヒナ', '4'),
('4011', '渡辺　美紅', 'ワタナベ　ミク', '4'),
('4012', '臼井　道世', 'ウスイ　ミチヨ', '4'),
('4013', '古河　浩司', 'フルカワ　コウジ', '4'),
('4014', '東　真穂', 'アズマ　マホ', '4'),
('4015', '安東　桜彩', 'アンドウ　サヤ', '4'),
('4016', '奥山　理絵', 'オクヤマ　リエ', '4'),
('4017', '上山　哲朗', 'カミヤマ　テツロウ', '4'),
('4018', '辻本　正敏', 'ツジモト　マサトシ', '4'),
('4019', '海老原　裕信', 'エビハラ　ヒロノブ', '4'),
('4020', '佐久間　百恵', 'サクマ　モモエ', '4'),
('4021', '赤羽　正弘', 'アカバネ　マサヒロ', '4'),
('4022', '郡司　鑑', 'グンジ　アキラ', '4'),
('4023', '今川　理央', 'イマガワ　リオ', '4'),
('4024', '大庭　花歩', 'オオニワ　カホ', '4'),
('4025', '東山　利彦', 'ヒガシヤマ　トシヒコ', '4'),
('4026', '奥村　里歩', 'オクムラ　リホ', '4'),
('4027', '鶴田　善吉', 'ツルタ　ゼンキチ', '4'),
('4028', '藤村　法子', 'フジムラ　ノリコ', '4');

-- --------------------------------------------------------

--
-- テーブルの構造 `test`
--

CREATE TABLE `test` (
  `std_id` varchar(4) NOT NULL COMMENT '学生ID',
  `class_id` varchar(5) NOT NULL COMMENT '科目ID',
  `score` int(11) NOT NULL COMMENT '得点',
  `date` date NOT NULL COMMENT '実施日'
) ENGINE=InnoDB DEFAULT CHARSET=utf8mb4;

--
-- テーブルのデータのダンプ `test`
--

INSERT INTO `test` (`std_id`, `class_id`, `score`, `date`) VALUES
('1001', '00001', 63, '2023-02-05'),
('1001', '00002', 20, '2023-02-04'),
('1001', '00003', 63, '2023-02-07'),
('1001', '00004', 44, '2023-02-02'),
('1002', '00001', 60, '2023-02-05'),
('1002', '00002', 20, '2023-02-04'),
('1002', '00004', 66, '2023-02-02'),
('1003', '00001', 69, '2023-02-05'),
('1003', '00002', 6, '2023-02-04'),
('1003', '00003', 41, '2023-02-07'),
('1003', '00004', 55, '2023-02-02'),
('1004', '00001', 96, '2023-02-05'),
('1004', '00002', 66, '2023-02-04'),
('1004', '00003', 75, '2023-02-07'),
('1004', '00004', 77, '2023-02-02'),
('1005', '00001', 66, '2023-02-05'),
('1005', '00002', 46, '2023-02-04'),
('1005', '00003', 58, '2023-02-07'),
('1005', '00004', 55, '2023-02-02'),
('1006', '00001', 39, '2023-02-05'),
('1006', '00002', 13, '2023-02-04'),
('1006', '00003', 11, '2023-02-07'),
('1006', '00004', 11, '2023-02-02'),
('1007', '00001', 63, '2023-02-05'),
('1007', '00002', 13, '2023-02-04'),
('1007', '00003', 41, '2023-02-07'),
('1007', '00004', 44, '2023-02-02'),
('1008', '00001', 84, '2023-02-05'),
('1008', '00002', 33, '2023-02-04'),
('1008', '00003', 63, '2023-02-07'),
('1008', '00004', 55, '2023-02-02'),
('1009', '00001', 60, '2023-02-05'),
('1009', '00002', 6, '2023-02-04'),
('1009', '00003', 41, '2023-02-07'),
('1010', '00001', 51, '2023-02-05'),
('1010', '00002', 6, '2023-02-04'),
('1010', '00003', 22, '2023-02-07'),
('1010', '00004', 33, '2023-02-02'),
('1011', '00001', 60, '2023-02-05'),
('1011', '00002', 20, '2023-02-04'),
('1011', '00003', 38, '2023-02-07'),
('1011', '00004', 77, '2023-02-02'),
('1012', '00002', 33, '2023-02-04'),
('1012', '00003', 50, '2023-02-07'),
('1012', '00004', 44, '2023-02-02'),
('1013', '00001', 96, '2023-02-05'),
('1013', '00002', 46, '2023-02-04'),
('1013', '00003', 86, '2023-02-07'),
('1013', '00004', 88, '2023-02-02'),
('1014', '00001', 54, '2023-02-05'),
('1014', '00002', 6, '2023-02-04'),
('1014', '00003', 30, '2023-02-07'),
('1014', '00004', 33, '2023-02-02'),
('1015', '00001', 66, '2023-02-05'),
('1015', '00002', 20, '2023-02-04'),
('1015', '00003', 47, '2023-02-07'),
('1015', '00004', 66, '2023-02-02'),
('1016', '00001', 54, '2023-02-05'),
('1016', '00002', 26, '2023-02-04'),
('1016', '00003', 41, '2023-02-07'),
('1016', '00004', 33, '2023-02-02'),
('1017', '00001', 54, '2023-02-05'),
('1017', '00002', 40, '2023-02-04'),
('1017', '00003', 58, '2023-02-07'),
('1017', '00004', 55, '2023-02-02'),
('1018', '00001', 66, '2023-02-05'),
('1018', '00002', 26, '2023-02-04'),
('1018', '00003', 50, '2023-02-07'),
('1018', '00004', 44, '2023-02-02'),
('1019', '00001', 84, '2023-02-05'),
('1019', '00002', 33, '2023-02-04'),
('1019', '00003', 91, '2023-02-07'),
('1019', '00004', 77, '2023-02-02'),
('1020', '00001', 78, '2023-02-05'),
('1020', '00002', 26, '2023-02-04'),
('1020', '00003', 63, '2023-02-07'),
('1020', '00004', 77, '2023-02-02'),
('1021', '00001', 87, '2023-02-05'),
('1021', '00003', 69, '2023-02-07'),
('1021', '00004', 77, '2023-02-02'),
('1022', '00001', 54, '2023-02-05'),
('1022', '00002', 40, '2023-02-04'),
('1022', '00003', 38, '2023-02-07'),
('1022', '00004', 66, '2023-02-02'),
('1023', '00001', 54, '2023-02-05'),
('1023', '00002', 13, '2023-02-04'),
('1023', '00003', 61, '2023-02-07'),
('1023', '00004', 88, '2023-02-02'),
('1024', '00001', 87, '2023-02-05'),
('1024', '00002', 53, '2023-02-04'),
('1024', '00003', 69, '2023-02-07'),
('1024', '00004', 44, '2023-02-02'),
('1025', '00001', 87, '2023-02-05'),
('1025', '00002', 93, '2023-02-04'),
('1025', '00003', 86, '2023-02-07'),
('1025', '00004', 100, '2023-02-02'),
('2001', '00001', 69, '2023-02-05'),
('2001', '00002', 33, '2023-02-04'),
('2001', '00003', 61, '2023-02-07'),
('2001', '00004', 55, '2023-02-02'),
('2002', '00001', 81, '2023-02-05'),
('2002', '00002', 73, '2023-02-04'),
('2002', '00003', 77, '2023-02-07'),
('2002', '00004', 77, '2023-02-02'),
('2003', '00001', 55, '2023-02-05'),
('2003', '00002', 86, '2023-02-04'),
('2003', '00003', 91, '2023-02-07'),
('2003', '00004', 88, '2023-02-02'),
('2004', '00002', 46, '2023-02-04'),
('2004', '00003', 44, '2023-02-07'),
('2004', '00004', 66, '2023-02-02'),
('2005', '00001', 60, '2023-02-05'),
('2005', '00002', 26, '2023-02-04'),
('2005', '00003', 63, '2023-02-07'),
('2005', '00004', 66, '2023-02-02'),
('2006', '00001', 51, '2023-02-05'),
('2006', '00002', 53, '2023-02-04'),
('2006', '00003', 36, '2023-02-07'),
('2006', '00004', 66, '2023-02-02'),
('2007', '00001', 90, '2023-02-05'),
('2007', '00003', 91, '2023-02-07'),
('2007', '00004', 66, '2023-02-02'),
('2008', '00001', 93, '2023-02-05'),
('2008', '00002', 66, '2023-02-04'),
('2008', '00003', 77, '2023-02-07'),
('2008', '00004', 77, '2023-02-02'),
('2009', '00001', 87, '2023-02-05'),
('2009', '00002', 40, '2023-02-04'),
('2009', '00003', 77, '2023-02-07'),
('2010', '00001', 72, '2023-02-05'),
('2010', '00002', 46, '2023-02-04'),
('2010', '00003', 58, '2023-02-07'),
('2010', '00004', 55, '2023-02-02'),
('2011', '00001', 63, '2023-02-05'),
('2011', '00002', 33, '2023-02-04'),
('2011', '00003', 77, '2023-02-07'),
('2011', '00004', 44, '2023-02-02'),
('2012', '00001', 72, '2023-02-05'),
('2012', '00002', 53, '2023-02-04'),
('2012', '00003', 52, '2023-02-07'),
('2013', '00001', 90, '2023-02-05'),
('2013', '00002', 73, '2023-02-04'),
('2013', '00003', 86, '2023-02-07'),
('2014', '00001', 66, '2023-02-05'),
('2014', '00002', 40, '2023-02-04'),
('2014', '00003', 75, '2023-02-07'),
('2014', '00004', 55, '2023-02-02'),
('2015', '00001', 87, '2023-02-05'),
('2015', '00002', 60, '2023-02-04'),
('2015', '00003', 80, '2023-02-07'),
('2015', '00004', 88, '2023-02-02'),
('2016', '00001', 81, '2023-02-05'),
('2016', '00002', 60, '2023-02-04'),
('2016', '00003', 69, '2023-02-07'),
('2016', '00004', 55, '2023-02-02'),
('2017', '00001', 87, '2023-02-05'),
('2017', '00002', 26, '2023-02-04'),
('2017', '00003', 63, '2023-02-07'),
('2017', '00004', 88, '2023-02-02'),
('2018', '00001', 63, '2023-02-05'),
('2018', '00003', 80, '2023-02-07'),
('2018', '00004', 66, '2023-02-02'),
('2019', '00001', 72, '2023-02-05'),
('2019', '00002', 53, '2023-02-04'),
('2019', '00003', 52, '2023-02-07'),
('2019', '00004', 66, '2023-02-02'),
('2020', '00001', 84, '2023-02-05'),
('2020', '00002', 66, '2023-02-04'),
('2020', '00003', 75, '2023-02-07'),
('2020', '00004', 88, '2023-02-02'),
('2021', '00001', 93, '2023-02-05'),
('2021', '00002', 46, '2023-02-04'),
('2021', '00003', 86, '2023-02-07'),
('2021', '00004', 88, '2023-02-02'),
('2022', '00001', 81, '2023-02-05'),
('2022', '00002', 26, '2023-02-04'),
('2022', '00003', 80, '2023-02-07'),
('2022', '00004', 88, '2023-02-02'),
('2023', '00001', 69, '2023-02-05'),
('2023', '00002', 33, '2023-02-04'),
('2023', '00004', 88, '2023-02-02'),
('3001', '00001', 87, '2023-02-05'),
('3001', '00002', 46, '2023-02-04'),
('3001', '00003', 77, '2023-02-07'),
('3001', '00004', 57, '2023-02-02'),
('3002', '00001', 72, '2023-02-05'),
('3002', '00002', 26, '2023-02-04'),
('3002', '00003', 63, '2023-02-07'),
('3002', '00004', 77, '2023-02-02'),
('3003', '00001', 78, '2023-02-05'),
('3003', '00002', 80, '2023-02-04'),
('3003', '00003', 94, '2023-02-07'),
('3003', '00004', 77, '2023-02-02'),
('3004', '00001', 84, '2023-02-05'),
('3004', '00002', 26, '2023-02-04'),
('3004', '00003', 58, '2023-02-07'),
('3004', '00004', 66, '2023-02-02'),
('3005', '00001', 57, '2023-02-05'),
('3005', '00002', 80, '2023-02-04'),
('3005', '00003', 80, '2023-02-07'),
('3005', '00004', 66, '2023-02-02'),
('3006', '00001', 93, '2023-02-05'),
('3006', '00002', 40, '2023-02-04'),
('3006', '00003', 66, '2023-02-07'),
('3006', '00004', 66, '2023-02-02'),
('3007', '00001', 75, '2023-02-05'),
('3007', '00002', 33, '2023-02-04'),
('3007', '00003', 58, '2023-02-07'),
('3007', '00004', 77, '2023-02-02'),
('3008', '00001', 75, '2023-02-05'),
('3008', '00002', 46, '2023-02-04'),
('3008', '00003', 63, '2023-02-07'),
('3008', '00004', 66, '2023-02-02'),
('3009', '00001', 63, '2023-02-05'),
('3009', '00002', 46, '2023-02-04'),
('3009', '00003', 75, '2023-02-07'),
('3009', '00004', 44, '2023-02-02'),
('3010', '00001', 57, '2023-02-05'),
('3010', '00003', 44, '2023-02-07'),
('3010', '00004', 59, '2023-02-02'),
('3011', '00001', 87, '2023-02-05'),
('3011', '00002', 26, '2023-02-04'),
('3011', '00003', 69, '2023-02-07'),
('3011', '00004', 88, '2023-02-02'),
('3012', '00001', 93, '2023-02-05'),
('3012', '00002', 86, '2023-02-04'),
('3012', '00003', 97, '2023-02-07'),
('3012', '00004', 88, '2023-02-02'),
('3013', '00001', 78, '2023-02-05'),
('3013', '00003', 52, '2023-02-07'),
('3013', '00004', 66, '2023-02-02'),
('3014', '00001', 77, '2023-02-05'),
('3014', '00002', 26, '2023-02-04'),
('3014', '00003', 69, '2023-02-07'),
('3014', '00004', 66, '2023-02-02'),
('3015', '00001', 72, '2023-02-05'),
('3015', '00002', 46, '2023-02-04'),
('3015', '00003', 69, '2023-02-07'),
('3015', '00004', 33, '2023-02-02'),
('3016', '00002', 66, '2023-02-04'),
('3016', '00003', 83, '2023-02-07'),
('3016', '00004', 77, '2023-02-02'),
('3017', '00001', 93, '2023-02-05'),
('3017', '00002', 73, '2023-02-04'),
('3017', '00003', 91, '2023-02-07'),
('3017', '00004', 88, '2023-02-02'),
('3018', '00001', 84, '2023-02-05'),
('3018', '00002', 53, '2023-02-04'),
('3018', '00003', 69, '2023-02-07'),
('3019', '00001', 78, '2023-02-05'),
('3019', '00002', 53, '2023-02-04'),
('3019', '00003', 69, '2023-02-07'),
('3019', '00004', 77, '2023-02-02'),
('3020', '00001', 75, '2023-02-05'),
('3020', '00002', 40, '2023-02-04'),
('3020', '00003', 38, '2023-02-07'),
('3020', '00004', 44, '2023-02-02'),
('3021', '00001', 66, '2023-02-05'),
('3021', '00002', 26, '2023-02-04'),
('3021', '00003', 66, '2023-02-07'),
('3021', '00004', 44, '2023-02-02'),
('3022', '00001', 87, '2023-02-05'),
('3022', '00002', 46, '2023-02-04'),
('3022', '00003', 86, '2023-02-07'),
('3022', '00004', 66, '2023-02-02'),
('3023', '00001', 51, '2023-02-05'),
('3023', '00002', 33, '2023-02-04'),
('3023', '00003', 36, '2023-02-07'),
('3023', '00004', 44, '2023-02-02'),
('3024', '00001', 84, '2023-02-05'),
('3024', '00002', 80, '2023-02-04'),
('3024', '00003', 80, '2023-02-07'),
('3024', '00004', 77, '2023-02-02'),
('4001', '00001', 81, '2023-02-05'),
('4001', '00003', 86, '2023-02-07'),
('4001', '00004', 77, '2023-02-02'),
('4002', '00001', 70, '2023-02-05'),
('4002', '00002', 40, '2023-02-04'),
('4002', '00003', 68, '2023-02-07'),
('4002', '00004', 55, '2023-02-02'),
('4003', '00001', 63, '2023-02-05'),
('4003', '00002', 33, '2023-02-04'),
('4003', '00003', 58, '2023-02-07'),
('4003', '00004', 55, '2023-02-02'),
('4004', '00001', 60, '2023-02-05'),
('4004', '00002', 13, '2023-02-04'),
('4004', '00003', 30, '2023-02-07'),
('4004', '00004', 33, '2023-02-02'),
('4005', '00001', 60, '2023-02-05'),
('4005', '00002', 33, '2023-02-04'),
('4005', '00003', 38, '2023-02-07'),
('4005', '00004', 33, '2023-02-02'),
('4006', '00001', 87, '2023-02-05'),
('4006', '00002', 66, '2023-02-04'),
('4006', '00003', 83, '2023-02-07'),
('4006', '00004', 66, '2023-02-02'),
('4007', '00001', 75, '2023-02-05'),
('4007', '00002', 26, '2023-02-04'),
('4007', '00003', 58, '2023-02-07'),
('4008', '00001', 66, '2023-02-05'),
('4008', '00002', 53, '2023-02-04'),
('4008', '00003', 52, '2023-02-07'),
('4008', '00004', 55, '2023-02-02'),
('4009', '00001', 78, '2023-02-05'),
('4009', '00002', 66, '2023-02-04'),
('4009', '00003', 61, '2023-02-07'),
('4009', '00004', 55, '2023-02-02'),
('4010', '00001', 81, '2023-02-05'),
('4010', '00002', 40, '2023-02-04'),
('4010', '00003', 66, '2023-02-07'),
('4010', '00004', 66, '2023-02-02'),
('4011', '00001', 69, '2023-02-05'),
('4011', '00002', 20, '2023-02-04'),
('4011', '00003', 52, '2023-02-07'),
('4011', '00004', 44, '2023-02-02'),
('4012', '00001', 78, '2023-02-05'),
('4012', '00002', 46, '2023-02-04'),
('4012', '00003', 83, '2023-02-07'),
('4012', '00004', 88, '2023-02-02'),
('4013', '00001', 75, '2023-02-05'),
('4013', '00002', 33, '2023-02-04'),
('4013', '00003', 50, '2023-02-07'),
('4013', '00004', 78, '2023-02-02'),
('4014', '00001', 66, '2023-02-05'),
('4014', '00002', 46, '2023-02-04'),
('4014', '00003', 66, '2023-02-07'),
('4014', '00004', 66, '2023-02-02'),
('4015', '00001', 81, '2023-02-05'),
('4015', '00002', 60, '2023-02-04'),
('4015', '00003', 72, '2023-02-07'),
('4015', '00004', 77, '2023-02-02'),
('4016', '00003', 88, '2023-02-07'),
('4016', '00004', 88, '2023-02-02'),
('4017', '00001', 66, '2023-02-05'),
('4017', '00002', 33, '2023-02-04'),
('4017', '00003', 61, '2023-02-07'),
('4017', '00004', 66, '2023-02-02'),
('4018', '00001', 56, '2023-02-05'),
('4018', '00002', 53, '2023-02-04'),
('4018', '00003', 69, '2023-02-07'),
('4018', '00004', 33, '2023-02-02'),
('4019', '00001', 51, '2023-02-05'),
('4019', '00002', 40, '2023-02-04'),
('4019', '00004', 44, '2023-02-02'),
('4020', '00001', 66, '2023-02-05'),
('4020', '00002', 26, '2023-02-04'),
('4020', '00003', 27, '2023-02-07'),
('4020', '00004', 55, '2023-02-02'),
('4021', '00001', 87, '2023-02-05'),
('4021', '00002', 66, '2023-02-04'),
('4021', '00003', 86, '2023-02-07'),
('4021', '00004', 88, '2023-02-02'),
('4022', '00001', 48, '2023-02-05'),
('4022', '00002', 40, '2023-02-04'),
('4022', '00003', 69, '2023-02-07'),
('4022', '00004', 44, '2023-02-02'),
('4023', '00001', 66, '2023-02-05'),
('4023', '00002', 60, '2023-02-04'),
('4023', '00003', 72, '2023-02-07'),
('4023', '00004', 22, '2023-02-02'),
('4024', '00001', 84, '2023-02-05'),
('4024', '00003', 61, '2023-02-07'),
('4024', '00004', 66, '2023-02-02'),
('4025', '00002', 73, '2023-02-04'),
('4025', '00003', 88, '2023-02-07'),
('4025', '00004', 88, '2023-02-02'),
('4026', '00001', 60, '2023-02-05'),
('4026', '00002', 26, '2023-02-04'),
('4026', '00003', 33, '2023-02-07'),
('4026', '00004', 33, '2023-02-02'),
('4027', '00001', 87, '2023-02-05'),
('4027', '00002', 66, '2023-02-04'),
('4027', '00003', 83, '2023-02-07'),
('4027', '00004', 88, '2023-02-02'),
('4028', '00001', 78, '2023-02-05'),
('4028', '00002', 60, '2023-02-04'),
('4028', '00003', 69, '2023-02-07'),
('4028', '00004', 88, '2023-02-02');

--
-- ダンプしたテーブルのインデックス
--

--
-- テーブルのインデックス `class`
--
ALTER TABLE `class`
  ADD PRIMARY KEY (`class_id`);

--
-- テーブルのインデックス `department`
--
ALTER TABLE `department`
  ADD PRIMARY KEY (`dept_id`);

--
-- テーブルのインデックス `student`
--
ALTER TABLE `student`
  ADD PRIMARY KEY (`std_id`);

--
-- テーブルのインデックス `test`
--
ALTER TABLE `test`
  ADD PRIMARY KEY (`std_id`,`class_id`);
COMMIT;

/*!40101 SET CHARACTER_SET_CLIENT=@OLD_CHARACTER_SET_CLIENT */;
/*!40101 SET CHARACTER_SET_RESULTS=@OLD_CHARACTER_SET_RESULTS */;
/*!40101 SET COLLATION_CONNECTION=@OLD_COLLATION_CONNECTION */;
